{
    "counts": {
        "IP/OP": 554,
        "IN": 377,
        "NID": 146,
        "HI": 56,
        "LY": 6,
        "total": 1139
    },
    "percentages": {
        "IP/OP": 48.639157155399474,
        "IN": 33.099209833187004,
        "NID": 12.818261633011414,
        "HI": 4.916593503072871,
        "LY": 0.5267778753292361
    }
}