{
    "counts": {
        "IN": 604,
        "IP/OP": 511,
        "NID": 78,
        "HI": 61,
        "LY": 3,
        "total": 1257
    },
    "percentages": {
        "IN": 48.050914876690534,
        "IP/OP": 40.65234685759746,
        "NID": 6.205250596658711,
        "HI": 4.852824184566428,
        "LY": 0.23866348448687352
    }
}