{
    "counts": {
        "JN": 16091,
        "IP/OP": 9188,
        "IN": 9321,
        "HI": 1493,
        "NID": 3697,
        "LY": 641,
        "RN": 276,
        "AID": 22,
        "total": 40729
    },
    "percentages": {
        "JN": 39.50747624542709,
        "IP/OP": 22.55886469100641,
        "IN": 22.885413341844878,
        "HI": 3.66569274963785,
        "NID": 9.077070392103906,
        "LY": 1.5738171818605908,
        "RN": 0.6776498318151686,
        "AID": 0.05401556630410764
    }
}