{
    "counts": {
        "JN": 3476,
        "NID": 1058,
        "IP/OP": 2433,
        "IN": 1531,
        "HI": 404,
        "RN": 51,
        "LY": 22,
        "total": 8975
    },
    "percentages": {
        "JN": 38.729805013927574,
        "NID": 11.788300835654596,
        "IP/OP": 27.108635097493032,
        "IN": 17.058495821727018,
        "HI": 4.5013927576601676,
        "RN": 0.5682451253481894,
        "LY": 0.24512534818941506
    }
}